,City,Suburb,Sales Q1 2022,Median Q1 2022,Sales Q1 2023,Median Q1 2023,Median Change
0,ADELAIDE,ADELAIDE,2,1266250,2,1205000,-0.05
1,ADELAIDE,NORTH ADELAIDE,4,1617500,5,1850000,0.14
2,ADELAIDE HILLS,ALDGATE,6,870000,13,1110000,0.28
3,ADELAIDE HILLS,ASHTON,0,0,0,0,0.0
4,ADELAIDE HILLS,BASKET RANGE,0,0,0,0,0.0
5,ADELAIDE HILLS,BELAIR,16,1110000,9,910000,-0.18
6,ADELAIDE HILLS,BRADBURY,0,0,1,947000,0.0
7,ADELAIDE HILLS,BRIDGEWATER,19,722000,18,835000,0.16
8,ADELAIDE HILLS,CAREY GULLY,1,1450000,0,0,0.0
9,ADELAIDE HILLS,CASTAMBUL,0,0,0,0,0.0
10,ADELAIDE HILLS,CHERRYVILLE,0,0,0,0,0.0
11,ADELAIDE HILLS,CLELAND,0,0,0,0,0.0
12,ADELAIDE HILLS,CRAFERS,6,1172500,5,1300000,0.11
13,ADELAIDE HILLS,CRAFERS WEST,4,725000,7,950000,0.31
14,ADELAIDE HILLS,DORSET VALE,0,0,0,0,0.0
15,ADELAIDE HILLS,GREENHILL,1,897000,0,0,0.0
16,ADELAIDE HILLS,HEATHFIELD,0,0,3,990000,0.0
17,ADELAIDE HILLS,HORSNELL GULLY,0,0,0,0,0.0
18,ADELAIDE HILLS,HUMBUG SCRUB,0,0,0,0,0.0
19,ADELAIDE HILLS,IRONBANK,0,0,0,0,0.0
20,ADELAIDE HILLS,LONGWOOD,0,0,0,0,0.0
21,ADELAIDE HILLS,MARBLE HILL,0,0,0,0,0.0
22,ADELAIDE HILLS,MONTACUTE,0,0,0,0,0.0
23,ADELAIDE HILLS,MOUNT GEORGE,1,700000,1,908000,0.3
24,ADELAIDE HILLS,MYLOR,2,720000,0,0,0.0
25,ADELAIDE HILLS,NORTON SUMMIT,0,0,0,0,0.0
26,ADELAIDE HILLS,PICCADILLY,0,0,0,0,0.0
27,ADELAIDE HILLS,ROSTREVOR,38,840000,21,860000,0.02
28,ADELAIDE HILLS,SCOTT CREEK,0,0,0,0,0.0
29,ADELAIDE HILLS,STIRLING,12,1395000,14,1200000,-0.14
30,ADELAIDE HILLS,STONYFELL,8,1350000,6,1420000,0.05
31,ADELAIDE HILLS,SUMMERTOWN,1,860000,0,0,0.0
32,ADELAIDE HILLS,TERINGIE,3,1305000,1,1650000,0.26
33,ADELAIDE HILLS,UPPER STURT,0,0,2,747500,0.0
34,ADELAIDE HILLS,URAIDLA,0,0,0,0,0.0
35,ADELAIDE HILLS,WATERFALL GULLY,0,0,0,0,0.0
36,ADELAIDE HILLS,WOODFORDE,2,1070000,1,1240000,0.16
37,BURNSIDE,AULDANA,2,1650000,3,1720000,0.04
38,BURNSIDE,BEAUMONT,15,1911000,7,1387500,-0.27
39,BURNSIDE,BEULAH PARK,7,1420000,9,1350000,-0.05
40,BURNSIDE,BURNSIDE,7,1470000,8,1460000,-0.01
41,BURNSIDE,DULWICH,1,1521000,1,2000000,0.31
42,BURNSIDE,EASTWOOD,5,1200000,0,0,0.0
43,BURNSIDE,ERINDALE,5,2100000,6,1525000,-0.27
44,BURNSIDE,FREWVILLE,2,1668000,2,1325500,-0.21
45,BURNSIDE,GLEN OSMOND,8,1780000,11,1256000,-0.29
46,BURNSIDE,GLENSIDE,4,1810000,6,1350000,-0.25
47,BURNSIDE,GLENUNGA,8,1918500,4,1705000,-0.11
48,BURNSIDE,HAZELWOOD PARK,9,1510000,3,1358500,-0.1
49,BURNSIDE,HORSNELL GULLY,0,0,0,0,0.0
50,BURNSIDE,KENSINGTON GARDENS,8,1800000,3,1225000,-0.32
51,BURNSIDE,KENSINGTON PARK,2,2750000,8,1298888,-0.53
52,BURNSIDE,LEABROOK,5,2225000,2,4502500,1.02
53,BURNSIDE,LEAWOOD GARDENS,0,0,0,0,0.0
54,BURNSIDE,LINDEN PARK,7,1575500,3,1200000,-0.24
55,BURNSIDE,MAGILL,35,910000,24,915000,0.01
56,BURNSIDE,MOUNT OSMOND,1,920000,3,1150000,0.25
57,BURNSIDE,ROSE PARK,0,0,2,1880000,0.0
58,BURNSIDE,ROSSLYN PARK,1,1550000,4,1251750,-0.19
59,BURNSIDE,SKYE,0,0,1,1530000,0.0
60,BURNSIDE,ST GEORGES,4,2190000,5,1740000,-0.21
61,BURNSIDE,STONYFELL,8,1350000,6,1420000,0.05
62,BURNSIDE,TOORAK GARDENS,12,2399999,4,2180000,-0.09
63,BURNSIDE,TUSMORE,2,1815000,4,1320000,-0.27
64,BURNSIDE,WATERFALL GULLY,0,0,0,0,0.0
65,BURNSIDE,WATTLE PARK,13,1342500,7,1215000,-0.09
66,CAMPBELLTOWN,ATHELSTONE,36,750000,31,758500,0.01
67,CAMPBELLTOWN,CAMPBELLTOWN,28,798000,22,723000,-0.09
68,CAMPBELLTOWN,HECTORVILLE,7,763500,9,955000,0.25
69,CAMPBELLTOWN,MAGILL,35,910000,24,915000,0.01
70,CAMPBELLTOWN,NEWTON,14,777500,11,880000,0.13
71,CAMPBELLTOWN,PARADISE,21,715000,18,747500,0.05
72,CAMPBELLTOWN,ROSTREVOR,38,840000,21,860000,0.02
73,CAMPBELLTOWN,TRANMERE,17,912500,12,890000,-0.02
74,CHARLES STURT,ALBERT PARK,12,648000,4,632500,-0.02
75,CHARLES STURT,ALLENBY GARDENS,6,1068500,4,860000,-0.2
76,CHARLES STURT,ATHOL PARK,5,600000,5,600000,0.0
77,CHARLES STURT,BEVERLEY,8,712500,5,740000,0.04
78,CHARLES STURT,BOWDEN,3,970000,0,0,0.0
79,CHARLES STURT,BROMPTON,11,734000,9,790000,0.08
80,CHARLES STURT,CHELTENHAM,8,705000,3,877500,0.24
81,CHARLES STURT,CROYDON,3,1368750,4,1155500,-0.16
82,CHARLES STURT,DEVON PARK,3,908000,2,613500,-0.32
83,CHARLES STURT,FINDON,14,700000,18,752500,0.08
84,CHARLES STURT,FLINDERS PARK,14,776500,10,852000,0.1
85,CHARLES STURT,FULHAM GARDENS,18,1123000,17,1025000,-0.09
86,CHARLES STURT,GRANGE,21,970000,16,1186250,0.22
87,CHARLES STURT,HENDON,7,517000,6,612500,0.18
88,CHARLES STURT,HENLEY BEACH,17,1393000,9,1550000,0.11
89,CHARLES STURT,HENLEY BEACH SOUTH,6,1385000,11,1225000,-0.12
90,CHARLES STURT,HINDMARSH,2,537500,0,0,0.0
91,CHARLES STURT,KIDMAN PARK,6,851500,12,891000,0.05
92,CHARLES STURT,KILKENNY,5,780000,9,671000,-0.14
93,CHARLES STURT,OVINGHAM,1,685000,1,825000,0.2
94,CHARLES STURT,PENNINGTON,15,575500,4,860000,0.49
95,CHARLES STURT,RENOWN PARK,7,720000,4,663750,-0.08
96,CHARLES STURT,RIDLEYTON,0,0,2,813750,0.0
97,CHARLES STURT,ROSEWATER,22,507500,8,457000,-0.1
98,CHARLES STURT,ROYAL PARK,13,650000,14,590000,-0.09
99,CHARLES STURT,SEATON,27,760000,18,735000,-0.03
100,CHARLES STURT,SEMAPHORE PARK,13,813000,9,777000,-0.04
101,CHARLES STURT,ST CLAIR,7,951000,2,891500,-0.06
102,CHARLES STURT,TENNYSON,2,1810000,2,1906000,0.05
103,CHARLES STURT,WELLAND,2,1030000,1,820000,-0.2
104,CHARLES STURT,WEST BEACH,17,1020000,23,1230000,0.21
105,CHARLES STURT,WEST CROYDON,9,909000,16,852000,-0.06
106,CHARLES STURT,WEST HINDMARSH,8,835000,4,875000,0.05
107,CHARLES STURT,WEST LAKES,24,1080000,11,955000,-0.12
108,CHARLES STURT,WEST LAKES SHORE,8,1034000,4,978000,-0.05
109,CHARLES STURT,WOODVILLE,4,1080000,6,987500,-0.09
110,CHARLES STURT,WOODVILLE NORTH,6,685000,3,594000,-0.13
111,CHARLES STURT,WOODVILLE PARK,6,838000,3,622500,-0.26
112,CHARLES STURT,WOODVILLE SOUTH,6,739000,10,840000,0.14
113,CHARLES STURT,WOODVILLE WEST,10,710000,7,680000,-0.04
114,GAWLER,BIBARINGA,0,0,0,0,0.0
115,GAWLER,EVANSTON,12,383000,10,452500,0.18
116,GAWLER,EVANSTON GARDENS,19,390000,22,461000,0.18
117,GAWLER,EVANSTON PARK,16,435000,22,520000,0.2
118,GAWLER,EVANSTON SOUTH,6,470000,5,472500,0.01
119,GAWLER,GAWLER,0,0,1,600000,0.0
120,GAWLER,GAWLER EAST,28,490000,24,450000,-0.08
121,GAWLER,GAWLER SOUTH,11,420000,7,419000,-0.0
122,GAWLER,GAWLER WEST,3,455000,4,354000,-0.22
123,GAWLER,HILLIER,0,0,0,0,0.0
124,GAWLER,KUDLA,0,0,0,0,0.0
125,GAWLER,REID,1,450000,1,715000,0.59
126,GAWLER,ULEYBURY,0,0,0,0,0.0
127,GAWLER,WILLASTON,22,441000,12,495000,0.12
128,HOLDFAST BAY,BRIGHTON,11,1200000,4,1437500,0.2
129,HOLDFAST BAY,GLENELG,3,2510000,0,0,0.0
130,HOLDFAST BAY,GLENELG EAST,9,987000,9,1585000,0.61
131,HOLDFAST BAY,GLENELG NORTH,24,990000,6,1220000,0.23
132,HOLDFAST BAY,GLENELG SOUTH,3,1675000,2,2075000,0.24
133,HOLDFAST BAY,HOVE,3,1011000,7,1135000,0.12
134,HOLDFAST BAY,KINGSTON PARK,2,1207500,3,1790000,0.48
135,HOLDFAST BAY,NORTH BRIGHTON,13,1055000,8,1427000,0.35
136,HOLDFAST BAY,SEACLIFF,11,1200000,10,1100000,-0.08
137,HOLDFAST BAY,SEACLIFF PARK,17,868500,8,820000,-0.06
138,HOLDFAST BAY,SOMERTON PARK,19,1160000,17,1385000,0.19
139,HOLDFAST BAY,SOUTH BRIGHTON,9,890000,6,947500,0.06
140,MARION,ASCOT PARK,4,538750,4,756350,0.4
141,MARION,BEDFORD PARK,8,670000,3,751500,0.12
142,MARION,CLOVELLY PARK,11,755000,2,787500,0.04
143,MARION,DARLINGTON,7,663000,2,733000,0.11
144,MARION,DOVER GARDENS,10,740000,7,770000,0.04
145,MARION,EDWARDSTOWN,15,820000,15,785000,-0.04
146,MARION,GLANDORE,12,930000,4,835000,-0.1
147,MARION,GLENGOWRIE,12,960000,6,986250,0.03
148,MARION,HALLETT COVE,61,705000,49,712500,0.01
149,MARION,LONSDALE,0,0,0,0,0.0
150,MARION,MARINO,12,1113500,8,982500,-0.12
151,MARION,MARION,7,815000,5,700000,-0.14
152,MARION,MITCHELL PARK,12,636500,6,723000,0.14
153,MARION,MORPHETTVILLE,7,737500,9,723000,-0.02
154,MARION,OAKLANDS PARK,6,853000,6,719999,-0.16
155,MARION,O'HALLORAN HILL,16,564000,15,670000,0.19
156,MARION,PARK HOLME,8,695000,9,805000,0.16
157,MARION,PLYMPTON PARK,9,802000,6,865000,0.08
158,MARION,SEACLIFF PARK,17,868500,8,820000,-0.06
159,MARION,SEACOMBE GARDENS,5,688000,12,535000,-0.22
160,MARION,SEACOMBE HEIGHTS,6,915000,4,785000,-0.14
161,MARION,SEAVIEW DOWNS,9,809000,6,730000,-0.1
162,MARION,SHEIDOW PARK,37,691000,18,623250,-0.1
163,MARION,SOUTH PLYMPTON,10,804500,12,835000,0.04
164,MARION,STURT,7,610000,7,715000,0.17
165,MARION,TONSLEY,3,520000,2,618000,0.19
166,MARION,TROTT PARK,19,600000,9,625000,0.04
167,MARION,WARRADALE,29,875000,13,820000,-0.06
168,MITCHAM,BEDFORD PARK,8,670000,3,751500,0.12
169,MITCHAM,BELAIR,16,1110000,9,910000,-0.18
170,MITCHAM,BELLEVUE HEIGHTS,7,775000,6,912500,0.18
171,MITCHAM,BLACKWOOD,18,801000,12,832500,0.04
172,MITCHAM,BROWN HILL CREEK,0,0,0,0,0.0
173,MITCHAM,CLAPHAM,7,860000,7,852000,-0.01
174,MITCHAM,CLARENCE GARDENS,9,1250000,7,947500,-0.24
175,MITCHAM,COLONEL LIGHT GARDENS,9,1126000,8,1305000,0.16
176,MITCHAM,COROMANDEL VALLEY,19,759000,15,832500,0.1
177,MITCHAM,CRAFERS WEST,4,725000,7,950000,0.31
178,MITCHAM,CRAIGBURN FARM,16,1150000,10,983750,-0.14
179,MITCHAM,CUMBERLAND PARK,4,1545000,5,1355000,-0.12
180,MITCHAM,DAW PARK,5,875000,6,787500,-0.1
181,MITCHAM,EDEN HILLS,17,720000,7,870000,0.21
182,MITCHAM,GLENALTA,10,896500,4,850000,-0.05
183,MITCHAM,HAWTHORN,8,1750000,4,1187500,-0.32
184,MITCHAM,HAWTHORNDENE,15,790000,12,782499,-0.01
185,MITCHAM,KINGSWOOD,5,1450000,6,1330000,-0.08
186,MITCHAM,LEAWOOD GARDENS,0,0,0,0,0.0
187,MITCHAM,LOWER MITCHAM,9,1185000,4,1122500,-0.05
188,MITCHAM,LYNTON,2,1117500,0,0,0.0
189,MITCHAM,MELROSE PARK,7,876000,8,847500,-0.03
190,MITCHAM,MITCHAM,3,2290000,7,1496500,-0.35
191,MITCHAM,NETHERBY,4,1600000,5,1515000,-0.05
192,MITCHAM,PANORAMA,15,890500,12,840000,-0.06
193,MITCHAM,PASADENA,13,780000,5,735000,-0.06
194,MITCHAM,SPRINGFIELD,1,1650000,3,3200000,0.94
195,MITCHAM,ST MARYS,6,687500,7,765000,0.11
196,MITCHAM,TORRENS PARK,5,2206000,9,1155000,-0.48
197,MITCHAM,UPPER STURT,0,0,2,747500,0.0
198,MITCHAM,URRBRAE,3,1300000,4,1237500,-0.05
199,MITCHAM,WESTBOURNE PARK,4,1375000,4,1622500,0.18
200,NORWOOD PAYNEHAM & ST PETERS,COLLEGE PARK,1,1483000,1,2035000,0.37
201,NORWOOD PAYNEHAM & ST PETERS,EVANDALE,6,1200000,3,1160000,-0.03
202,NORWOOD PAYNEHAM & ST PETERS,FELIXSTOW,17,877750,8,857500,-0.02
203,NORWOOD PAYNEHAM & ST PETERS,FIRLE,6,935750,2,960000,0.03
204,NORWOOD PAYNEHAM & ST PETERS,GLYNDE,3,1030000,3,910000,-0.12
205,NORWOOD PAYNEHAM & ST PETERS,HACKNEY,0,0,2,1251000,0.0
206,NORWOOD PAYNEHAM & ST PETERS,HEATHPOOL,4,1380000,3,2050000,0.49
207,NORWOOD PAYNEHAM & ST PETERS,JOSLIN,2,1755000,3,2005000,0.14
208,NORWOOD PAYNEHAM & ST PETERS,KENSINGTON,4,950900,2,1121000,0.18
209,NORWOOD PAYNEHAM & ST PETERS,KENT TOWN,0,0,0,0,0.0
210,NORWOOD PAYNEHAM & ST PETERS,MARDEN,2,758591,5,773500,0.02
211,NORWOOD PAYNEHAM & ST PETERS,MARRYATVILLE,2,1185250,1,1575000,0.33
212,NORWOOD PAYNEHAM & ST PETERS,MAYLANDS,3,1620000,3,1485000,-0.08
213,NORWOOD PAYNEHAM & ST PETERS,NORWOOD,12,1700000,9,1600000,-0.06
214,NORWOOD PAYNEHAM & ST PETERS,PAYNEHAM,4,1017500,4,1042500,0.02
215,NORWOOD PAYNEHAM & ST PETERS,PAYNEHAM SOUTH,0,0,1,890000,0.0
216,NORWOOD PAYNEHAM & ST PETERS,ROYSTON PARK,4,1562500,5,1495000,-0.04
217,NORWOOD PAYNEHAM & ST PETERS,ST MORRIS,1,930000,3,1015000,0.09
218,NORWOOD PAYNEHAM & ST PETERS,ST PETERS,10,1800000,8,2135000,0.19
219,NORWOOD PAYNEHAM & ST PETERS,STEPNEY,0,0,2,1340000,0.0
220,NORWOOD PAYNEHAM & ST PETERS,TRINITY GARDENS,5,1360000,8,1335000,-0.02
221,ONKAPARINGA,ABERFOYLE PARK,46,610000,49,667500,0.09
222,ONKAPARINGA,ALDINGA,4,545000,2,908000,0.67
223,ONKAPARINGA,ALDINGA BEACH,70,550000,43,627500,0.14
224,ONKAPARINGA,BLEWITT SPRINGS,0,0,0,0,0.0
225,ONKAPARINGA,CHANDLERS HILL,5,750000,0,0,0.0
226,ONKAPARINGA,CHERRY GARDENS,0,0,0,0,0.0
227,ONKAPARINGA,CHRISTIE DOWNS,15,438660,18,480000,0.09
228,ONKAPARINGA,CHRISTIES BEACH,26,535000,22,567750,0.06
229,ONKAPARINGA,CLARENDON,1,930000,1,596000,-0.36
230,ONKAPARINGA,COROMANDEL EAST,0,0,0,0,0.0
231,ONKAPARINGA,COROMANDEL VALLEY,19,759000,15,832500,0.1
232,ONKAPARINGA,CRAIGBURN FARM,16,1150000,10,983750,-0.14
233,ONKAPARINGA,DARLINGTON,7,663000,2,733000,0.11
234,ONKAPARINGA,DORSET VALE,0,0,0,0,0.0
235,ONKAPARINGA,FLAGSTAFF HILL,43,720000,26,850000,0.18
236,ONKAPARINGA,HACKHAM,20,455000,17,500000,0.1
237,ONKAPARINGA,HACKHAM WEST,18,430000,11,471000,0.1
238,ONKAPARINGA,HALLETT COVE,61,705000,49,712500,0.01
239,ONKAPARINGA,HAPPY VALLEY,45,620000,30,630250,0.02
240,ONKAPARINGA,HUNTFIELD HEIGHTS,13,477500,13,550000,0.15
241,ONKAPARINGA,IRONBANK,0,0,0,0,0.0
242,ONKAPARINGA,KANGARILLA,0,0,0,0,0.0
243,ONKAPARINGA,LONSDALE,0,0,0,0,0.0
244,ONKAPARINGA,MASLIN BEACH,6,475000,10,688500,0.45
245,ONKAPARINGA,MCLAREN FLAT,5,719625,0,0,0.0
246,ONKAPARINGA,MCLAREN VALE,14,668000,10,720000,0.08
247,ONKAPARINGA,MOANA,17,735000,12,741500,0.01
248,ONKAPARINGA,MORPHETT VALE,103,462000,79,525000,0.14
249,ONKAPARINGA,NOARLUNGA CENTRE,0,0,1,562000,0.0
250,ONKAPARINGA,NOARLUNGA DOWNS,22,540000,19,585000,0.08
251,ONKAPARINGA,O'HALLORAN HILL,16,564000,15,670000,0.19
252,ONKAPARINGA,OLD NOARLUNGA,0,0,3,751000,0.0
253,ONKAPARINGA,OLD REYNELLA,18,540000,9,575000,0.06
254,ONKAPARINGA,ONKAPARINGA HEIGHTS,0,0,0,0,0.0
255,ONKAPARINGA,ONKAPARINGA HILLS,8,637500,1,908000,0.42
256,ONKAPARINGA,O'SULLIVAN BEACH,12,525000,9,500000,-0.05
257,ONKAPARINGA,PORT NOARLUNGA,6,930000,13,680000,-0.27
258,ONKAPARINGA,PORT NOARLUNGA SOUTH,10,680625,9,615000,-0.1
259,ONKAPARINGA,PORT WILLUNGA,12,998000,12,721250,-0.28
260,ONKAPARINGA,REYNELLA,21,501000,26,530000,0.06
261,ONKAPARINGA,REYNELLA EAST,8,596500,9,650250,0.09
262,ONKAPARINGA,SEAFORD,22,621000,17,610000,-0.02
263,ONKAPARINGA,SEAFORD HEIGHTS,6,550000,8,690750,0.26
264,ONKAPARINGA,SEAFORD MEADOWS,25,552500,22,575500,0.04
265,ONKAPARINGA,SEAFORD RISE,13,585500,17,647500,0.11
266,ONKAPARINGA,SELLICKS BEACH,21,565800,16,730000,0.29
267,ONKAPARINGA,SELLICKS HILL,0,0,0,0,0.0
268,ONKAPARINGA,TATACHILLA,0,0,0,0,0.0
269,ONKAPARINGA,THE RANGE,0,0,0,0,0.0
270,ONKAPARINGA,VALE PARK,18,1200000,8,1162500,-0.03
271,ONKAPARINGA,WHITES VALLEY,0,0,0,0,0.0
272,ONKAPARINGA,WILLUNGA,7,641000,4,810500,0.26
273,ONKAPARINGA,WILLUNGA SOUTH,0,0,1,685000,0.0
274,ONKAPARINGA,WOODCROFT,35,551000,26,664000,0.21
275,PLAYFORD,ANDREWS FARM,50,355000,51,437500,0.23
276,PLAYFORD,ANGLE VALE,12,682000,21,687500,0.01
277,PLAYFORD,BIBARINGA,0,0,0,0,0.0
278,PLAYFORD,BLAKEVIEW,63,402500,48,465000,0.16
279,PLAYFORD,BUCKLAND PARK,0,0,0,0,0.0
280,PLAYFORD,CRAIGMORE,59,390000,39,450000,0.15
281,PLAYFORD,DAVOREN PARK,30,285000,27,375000,0.32
282,PLAYFORD,EDINBURGH,0,0,0,0,0.0
283,PLAYFORD,EDINBURGH NORTH,0,0,0,0,0.0
284,PLAYFORD,ELIZABETH,7,410000,2,395000,-0.04
285,PLAYFORD,ELIZABETH DOWNS,36,308000,22,388000,0.26
286,PLAYFORD,ELIZABETH EAST,20,340000,10,426500,0.25
287,PLAYFORD,ELIZABETH GROVE,10,357500,12,395000,0.1
288,PLAYFORD,ELIZABETH NORTH,20,310000,12,336500,0.09
289,PLAYFORD,ELIZABETH PARK,20,337500,28,370500,0.1
290,PLAYFORD,ELIZABETH SOUTH,8,310000,3,405000,0.31
291,PLAYFORD,ELIZABETH VALE,12,390000,18,425000,0.09
292,PLAYFORD,EVANSTON PARK,16,435000,22,520000,0.2
293,PLAYFORD,EYRE,8,415000,3,480000,0.16
294,PLAYFORD,GOULD CREEK,0,0,0,0,0.0
295,PLAYFORD,HILLBANK,29,484950,15,520000,0.07
296,PLAYFORD,HILLIER,0,0,0,0,0.0
297,PLAYFORD,HUMBUG SCRUB,0,0,0,0,0.0
298,PLAYFORD,MACDONALD PARK,0,0,0,0,0.0
299,PLAYFORD,MUNNO PARA,33,387000,25,430000,0.11
300,PLAYFORD,MUNNO PARA DOWNS,0,0,0,0,0.0
301,PLAYFORD,MUNNO PARA WEST,55,375000,44,435000,0.16
302,PLAYFORD,ONE TREE HILL,0,0,1,695000,0.0
303,PLAYFORD,PENFIELD,0,0,0,0,0.0
304,PLAYFORD,PENFIELD GARDENS,0,0,0,0,0.0
305,PLAYFORD,RIVERLEA PARK,0,0,0,0,0.0
306,PLAYFORD,SAMPSON FLAT,0,0,0,0,0.0
307,PLAYFORD,SMITHFIELD,12,300000,6,378500,0.26
308,PLAYFORD,SMITHFIELD PLAINS,15,305000,12,375000,0.23
309,PLAYFORD,ST KILDA,0,0,1,200000,0.0
310,PLAYFORD,ULEYBURY,0,0,0,0,0.0
311,PLAYFORD,VIRGINIA,3,520000,11,657500,0.26
312,PLAYFORD,WATERLOO CORNER,0,0,0,0,0.0
313,PLAYFORD,YATTALUNGA,0,0,0,0,0.0
314,PORT ADELAIDE ENFIELD,ALBERTON,5,700000,10,710000,0.01
315,PORT ADELAIDE ENFIELD,ANGLE PARK,2,598450,0,0,0.0
316,PORT ADELAIDE ENFIELD,BIRKENHEAD,11,660000,4,590000,-0.11
317,PORT ADELAIDE ENFIELD,BLAIR ATHOL,10,653000,12,665000,0.02
318,PORT ADELAIDE ENFIELD,BROADVIEW,19,880000,11,830500,-0.06
319,PORT ADELAIDE ENFIELD,CLEARVIEW,22,647000,16,620000,-0.04
320,PORT ADELAIDE ENFIELD,CROYDON PARK,7,698500,10,755000,0.08
321,PORT ADELAIDE ENFIELD,DERNANCOURT,18,620000,8,735000,0.19
322,PORT ADELAIDE ENFIELD,DEVON PARK,3,908000,2,613500,-0.32
323,PORT ADELAIDE ENFIELD,DRY CREEK,1,740000,0,0,0.0
324,PORT ADELAIDE ENFIELD,DUDLEY PARK,0,0,1,625000,0.0
325,PORT ADELAIDE ENFIELD,ENFIELD,24,659000,13,665500,0.01
326,PORT ADELAIDE ENFIELD,ETHELTON,5,760000,3,577000,-0.24
327,PORT ADELAIDE ENFIELD,EXETER,6,722500,1,560000,-0.22
328,PORT ADELAIDE ENFIELD,FERRYDEN PARK,10,776000,4,680500,-0.12
329,PORT ADELAIDE ENFIELD,GEPPS CROSS,4,581250,0,0,0.0
330,PORT ADELAIDE ENFIELD,GILLES PLAINS,18,600000,17,625100,0.04
331,PORT ADELAIDE ENFIELD,GILLMAN,1,430000,0,0,0.0
332,PORT ADELAIDE ENFIELD,GLANVILLE,3,599000,6,685000,0.14
333,PORT ADELAIDE ENFIELD,GREENACRES,9,736000,13,671000,-0.09
334,PORT ADELAIDE ENFIELD,HAMPSTEAD GARDENS,4,714000,1,820000,0.15
335,PORT ADELAIDE ENFIELD,HILLCREST,11,631500,10,632500,0.0
336,PORT ADELAIDE ENFIELD,HOLDEN HILL,13,630000,12,655000,0.04
337,PORT ADELAIDE ENFIELD,KILBURN,17,595000,11,700000,0.18
338,PORT ADELAIDE ENFIELD,KLEMZIG,21,785500,12,797000,0.01
339,PORT ADELAIDE ENFIELD,LARGS BAY,14,1027500,14,720000,-0.3
340,PORT ADELAIDE ENFIELD,LARGS NORTH,14,660000,18,722500,0.09
341,PORT ADELAIDE ENFIELD,LIGHTSVIEW,46,623800,32,601000,-0.04
342,PORT ADELAIDE ENFIELD,MANNINGHAM,11,930500,8,922500,-0.01
343,PORT ADELAIDE ENFIELD,MANSFIELD PARK,9,632500,8,588500,-0.07
344,PORT ADELAIDE ENFIELD,NEW PORT,0,0,5,516250,0.0
345,PORT ADELAIDE ENFIELD,NORTH HAVEN,20,782500,17,700000,-0.11
346,PORT ADELAIDE ENFIELD,NORTHFIELD,11,560000,10,631000,0.13
347,PORT ADELAIDE ENFIELD,NORTHGATE,4,933500,3,900000,-0.04
348,PORT ADELAIDE ENFIELD,OAKDEN,20,700000,10,695625,-0.01
349,PORT ADELAIDE ENFIELD,OSBORNE,13,552500,5,515000,-0.07
350,PORT ADELAIDE ENFIELD,OTTOWAY,12,500000,5,578000,0.16
351,PORT ADELAIDE ENFIELD,OUTER HARBOR,0,0,0,0,0.0
352,PORT ADELAIDE ENFIELD,OVINGHAM,1,685000,1,825000,0.2
353,PORT ADELAIDE ENFIELD,PETERHEAD,5,652500,0,0,0.0
354,PORT ADELAIDE ENFIELD,PORT ADELAIDE,7,608000,4,540885,-0.11
355,PORT ADELAIDE ENFIELD,PROSPECT,38,1105000,34,1050000,-0.05
356,PORT ADELAIDE ENFIELD,QUEENSTOWN,7,700000,5,495000,-0.29
357,PORT ADELAIDE ENFIELD,REGENCY PARK,0,0,0,0,0.0
358,PORT ADELAIDE ENFIELD,ROSEWATER,22,507500,8,457000,-0.1
359,PORT ADELAIDE ENFIELD,SEFTON PARK,2,726000,6,1110000,0.53
360,PORT ADELAIDE ENFIELD,SEMAPHORE,8,1112500,13,930000,-0.16
361,PORT ADELAIDE ENFIELD,SEMAPHORE SOUTH,8,1250000,0,0,0.0
362,PORT ADELAIDE ENFIELD,TAPEROO,10,550000,10,570000,0.04
363,PORT ADELAIDE ENFIELD,VALLEY VIEW,30,615000,26,595000,-0.03
364,PORT ADELAIDE ENFIELD,WALKLEY HEIGHTS,10,712000,12,766000,0.08
365,PORT ADELAIDE ENFIELD,WINDSOR GARDENS,22,625000,16,742500,0.19
366,PORT ADELAIDE ENFIELD,WINGFIELD,2,362000,3,490000,0.35
367,PORT ADELAIDE ENFIELD,WOODVILLE GARDENS,6,542500,2,512500,-0.06
368,PROSPECT,BROADVIEW,19,880000,11,830500,-0.06
369,PROSPECT,COLLINSWOOD,4,1062500,1,2500000,1.35
370,PROSPECT,FITZROY,8,2000000,2,2600000,0.3
371,PROSPECT,MEDINDIE GARDENS,0,0,0,0,0.0
372,PROSPECT,NAILSWORTH,8,1237500,3,925000,-0.25
373,PROSPECT,OVINGHAM,1,685000,1,825000,0.2
374,PROSPECT,PROSPECT,38,1105000,34,1050000,-0.05
375,PROSPECT,SEFTON PARK,2,726000,6,1110000,0.53
376,PROSPECT,THORNGATE,0,0,0,0,0.0
377,SALISBURY,BOLIVAR,0,0,0,0,0.0
378,SALISBURY,BRAHMA LODGE,17,405000,9,470000,0.16
379,SALISBURY,BURTON,21,445000,21,461000,0.04
380,SALISBURY,CAVAN,0,0,0,0,0.0
381,SALISBURY,DIREK,3,450000,4,527500,0.17
382,SALISBURY,DRY CREEK,1,740000,0,0,0.0
383,SALISBURY,EDINBURGH,0,0,0,0,0.0
384,SALISBURY,ELIZABETH VALE,12,390000,18,425000,0.09
385,SALISBURY,GLOBE DERBY PARK,0,0,0,0,0.0
386,SALISBURY,GREEN FIELDS,1,570000,0,0,0.0
387,SALISBURY,GULFVIEW HEIGHTS,13,797500,11,590000,-0.26
388,SALISBURY,INGLE FARM,33,496000,48,560000,0.13
389,SALISBURY,MAWSON LAKES,43,575000,39,661000,0.15
390,SALISBURY,MODBURY HEIGHTS,25,620000,22,632000,0.02
391,SALISBURY,PARA HILLS,45,490000,23,515000,0.05
392,SALISBURY,PARA HILLS WEST,11,507607,13,550000,0.08
393,SALISBURY,PARA VISTA,11,535000,8,562500,0.05
394,SALISBURY,PARAFIELD GARDENS,51,502500,45,550000,0.09
395,SALISBURY,PARALOWIE,56,440000,49,490000,0.11
396,SALISBURY,POORAKA,32,489000,25,564000,0.15
397,SALISBURY,SALISBURY,30,452000,19,491000,0.09
398,SALISBURY,SALISBURY DOWNS,27,422000,11,485000,0.15
399,SALISBURY,SALISBURY EAST,46,463000,28,477500,0.03
400,SALISBURY,SALISBURY HEIGHTS,14,748500,18,602000,-0.2
401,SALISBURY,SALISBURY NORTH,34,400000,25,435000,0.09
402,SALISBURY,SALISBURY PARK,7,490000,5,500000,0.02
403,SALISBURY,SALISBURY PLAIN,5,440000,6,527500,0.2
404,SALISBURY,SALISBURY SOUTH,0,0,0,0,0.0
405,SALISBURY,ST KILDA,0,0,1,200000,0.0
406,SALISBURY,VALLEY VIEW,30,615000,26,595000,-0.03
407,SALISBURY,WALKLEY HEIGHTS,10,712000,12,766000,0.08
408,SALISBURY,WATERLOO CORNER,0,0,0,0,0.0
409,TEA TREE GULLY,BANKSIA PARK,13,636000,8,598000,-0.06
410,TEA TREE GULLY,DERNANCOURT,18,620000,8,735000,0.19
411,TEA TREE GULLY,FAIRVIEW PARK,21,575000,10,690000,0.2
412,TEA TREE GULLY,GILLES PLAINS,18,600000,17,625100,0.04
413,TEA TREE GULLY,GOLDEN GROVE,32,717500,27,715000,-0.0
414,TEA TREE GULLY,GOULD CREEK,0,0,0,0,0.0
415,TEA TREE GULLY,GREENWITH,45,637500,28,582500,-0.09
416,TEA TREE GULLY,GULFVIEW HEIGHTS,13,797500,11,590000,-0.26
417,TEA TREE GULLY,HIGHBURY,28,682500,22,805000,0.18
418,TEA TREE GULLY,HOLDEN HILL,13,630000,12,655000,0.04
419,TEA TREE GULLY,HOPE VALLEY,22,624750,20,630550,0.01
420,TEA TREE GULLY,MODBURY,24,536000,21,580000,0.08
421,TEA TREE GULLY,MODBURY HEIGHTS,25,620000,22,632000,0.02
422,TEA TREE GULLY,MODBURY NORTH,34,580000,19,620000,0.07
423,TEA TREE GULLY,REDWOOD PARK,29,576000,17,615500,0.07
424,TEA TREE GULLY,RIDGEHAVEN,14,562500,22,645000,0.15
425,TEA TREE GULLY,SALISBURY EAST,46,463000,28,477500,0.03
426,TEA TREE GULLY,SALISBURY HEIGHTS,14,748500,18,602000,-0.2
427,TEA TREE GULLY,ST AGNES,15,573500,13,570000,-0.01
428,TEA TREE GULLY,SURREY DOWNS,13,497500,10,563500,0.13
429,TEA TREE GULLY,TEA TREE GULLY,10,835000,13,605000,-0.28
430,TEA TREE GULLY,VALLEY VIEW,30,615000,26,595000,-0.03
431,TEA TREE GULLY,VISTA,5,840000,2,652500,-0.22
432,TEA TREE GULLY,WYNN VALE,23,600000,28,645500,0.08
433,TEA TREE GULLY,YATALA VALE,0,0,0,0,0.0
434,UNLEY,BLACK FOREST,5,1039000,0,0,0.0
435,UNLEY,CLARENCE PARK,4,959250,6,866074,-0.1
436,UNLEY,EVERARD PARK,3,1077500,0,0,0.0
437,UNLEY,FORESTVILLE,2,1104000,2,1262500,0.14
438,UNLEY,FULLARTON,10,1525000,6,1440000,-0.06
439,UNLEY,GOODWOOD,11,1557000,5,1590000,0.02
440,UNLEY,HIGHGATE,6,1450000,4,1157500,-0.2
441,UNLEY,HYDE PARK,7,1650000,1,2428888,0.47
442,UNLEY,KESWICK,2,833500,0,0,0.0
443,UNLEY,KINGS PARK,2,1407500,2,2300000,0.63
444,UNLEY,MALVERN,6,2242500,7,1830000,-0.18
445,UNLEY,MILLSWOOD,11,1775000,6,1371000,-0.23
446,UNLEY,MYRTLE BANK,8,1700000,4,1870000,0.1
447,UNLEY,PARKSIDE,13,1425000,9,1250000,-0.12
448,UNLEY,UNLEY,11,1655000,6,1595000,-0.04
449,UNLEY,UNLEY PARK,4,2112500,3,2050000,-0.03
450,UNLEY,WAYVILLE,3,1540000,1,930000,-0.4
451,WALKERVILLE,GILBERTON,9,1764000,3,1450000,-0.18
452,WALKERVILLE,MEDINDIE,6,2492000,5,3500000,0.4
453,WALKERVILLE,VALE PARK,18,1200000,8,1162500,-0.03
454,WALKERVILLE,WALKERVILLE,8,1800000,5,1795000,-0.0
455,WEST TORRENS,ADELAIDE AIRPORT,0,0,0,0,0.0
456,WEST TORRENS,ASHFORD,2,918887,0,0,0.0
457,WEST TORRENS,BROOKLYN PARK,16,850000,15,842500,-0.01
458,WEST TORRENS,CAMDEN PARK,8,783550,8,766250,-0.02
459,WEST TORRENS,COWANDILLA,2,896000,2,765500,-0.15
460,WEST TORRENS,FULHAM,14,1135500,9,1117000,-0.02
461,WEST TORRENS,GLANDORE,12,930000,4,835000,-0.1
462,WEST TORRENS,GLENELG NORTH,24,990000,6,1220000,0.23
463,WEST TORRENS,HILTON,1,700000,1,810000,0.16
464,WEST TORRENS,KESWICK,2,833500,0,0,0.0
465,WEST TORRENS,KESWICK TERMINAL,0,0,0,0,0.0
466,WEST TORRENS,KURRALTA PARK,13,804250,5,781500,-0.03
467,WEST TORRENS,LOCKLEYS,14,996500,11,1215000,0.22
468,WEST TORRENS,MARLESTON,2,715000,2,777500,0.09
469,WEST TORRENS,MILE END,16,903000,11,901000,-0.0
470,WEST TORRENS,MILE END SOUTH,0,0,0,0,0.0
471,WEST TORRENS,NETLEY,3,900000,5,755000,-0.16
472,WEST TORRENS,NORTH PLYMPTON,13,700500,8,780000,0.11
473,WEST TORRENS,NOVAR GARDENS,9,990000,6,880000,-0.11
474,WEST TORRENS,PLYMPTON,13,830000,5,850000,0.02
475,WEST TORRENS,RICHMOND,12,775000,3,811000,0.05
476,WEST TORRENS,THEBARTON,9,832500,2,1112500,0.34
477,WEST TORRENS,TORRENSVILLE,12,941500,7,1011500,0.07
478,WEST TORRENS,UNDERDALE,9,775555,8,835500,0.08
479,WEST TORRENS,WEST BEACH,17,1020000,23,1230000,0.21
480,WEST TORRENS,WEST RICHMOND,0,0,0,0,0.0
